{"cameraMode":{"drawMode":0,"name":"Shaded","section":"Shading Mode"},"sceneLighting":true,"audioPlay":false,"sceneViewState":{"showFog":true,"showMaterialUpdate":false,"showSkybox":true,"showFlares":true,"showImageEffects":true,"showParticleSystems":true},"in2DMode":false,"pivot":{"x":2.4721322059631349,"y":0.03413867950439453,"z":0.05791664123535156},"rotation":{"x":0.03630203753709793,"y":-0.0015042811864987016,"z":0.00005414635597844608,"w":0.9993454217910767},"size":19.279560089111329,"orthographic":false}