{"cameraMode":{"drawMode":0,"name":"Shaded","section":"Shading Mode"},"sceneLighting":true,"audioPlay":false,"sceneViewState":{"showFog":true,"showMaterialUpdate":false,"showSkybox":true,"showFlares":true,"showImageEffects":true,"showParticleSystems":true},"in2DMode":false,"pivot":{"x":20.374374389648439,"y":63.19293975830078,"z":49.739410400390628},"rotation":{"x":0.027298739179968835,"y":0.023983608931303026,"z":-0.0006555723957717419,"w":0.9993436336517334},"size":224.78305053710938,"orthographic":false}